,304_APAR_411.11,308_APAR_412.12,312_APAR_413.13,316_APAR_414.14,320_APAR_415.15,324_APAR_416.16,328_APAR_417.17,332_APAR_418.18,336_APAR_419.19,340_APAR_420.20,344_APAR_421.21,348_APAR_422.22,352_APAR_423.23,356_APAR_424.24,360_APAR_425.25,680_FIF_402.2,682_FIF_403.3,684_FIF_404.4,686_FIF_405.5,688_FIF_406.6
,avg,avg,avg,avg,avg,avg,avg,avg,avg,avg,avg,avg,avg,avg,avg,avg,avg,avg,avg,avg
Time,,,,,,,,,,,,,,,,,,,,
2019-01-31 23:45:36,27.6,29.3,30.4,44.0,49.3,24.6,25.7,29.8,39.7,55.2,25.7,26.6,26.6,49.7,80.9,26.0,23.0,27.0,27.0,28.965517
2019-01-31 23:52:48,27.7,29.3,30.4,44.0,49.3,24.6,25.6,29.8,39.7,55.2,25.7,26.6,26.6,49.7,80.9,26.0,23.0,27.0,27.0,29.0
2019-02-01 00:00:00,27.7,29.3,30.4,44.0,49.3,24.6,25.6,29.8,39.7,55.2,25.7,26.6,26.6,49.7,80.9,26.0,23.0,27.0,27.0,29.0
2019-02-01 00:07:12,27.7,29.3,30.4,44.0,49.4,24.6,25.6,29.8,39.7,55.2,25.7,26.6,26.6,49.7,80.9,26.0,23.0,27.0,27.0,29.0
2019-02-01 00:14:24,27.7,29.3,30.4,44.0,49.4,24.6,25.6,29.8,39.7,55.2,25.7,26.6,26.6,49.7,80.9,26.0,23.0,27.0,27.0,29.0
2019-02-01 00:21:36,27.6,29.3,30.4,44.0,49.4,24.6,25.6,29.8,39.7,55.2,25.7,26.6,26.6,49.7,80.9,26.0,23.0,27.0,27.0,29.0
2019-02-01 00:28:48,27.6,29.3,30.4,44.0,49.4,24.6,25.6,29.8,39.7,55.2,25.7,26.6,26.6,49.7,80.9,26.0,23.0,27.0,27.0,29.0
2019-02-01 00:36:00,27.6,29.3,30.4,44.0,49.4,24.6,25.6,29.8,39.8,55.2,25.7,26.6,26.6,49.7,80.9,26.0,23.0,27.0,27.0,29.0
2019-02-01 00:43:12,27.6,29.3,30.4,44.0,49.4,24.6,25.6,29.8,39.8,55.2,25.7,26.6,26.6,49.7,80.9,26.0,23.0,27.0,27.0,29.0
2019-02-01 00:50:24,27.6,29.3,30.4,44.1,49.4,24.5,25.6,29.8,39.7,55.3,25.7,26.6,26.6,49.8,81.0,26.0,23.0,27.0,27.0,29.0
2019-02-01 00:57:36,27.6,29.3,30.4,44.1,49.4,24.5,25.6,29.8,39.7,55.3,25.7,26.6,26.6,49.8,81.0,26.0,23.0,27.0,27.0,29.0
2019-02-01 01:04:48,27.6,29.3,30.4,44.1,49.4,24.5,25.6,29.8,39.7,55.3,25.7,26.6,26.6,49.8,81.0,26.0,23.0,27.0,27.0,29.0
2019-02-01 01:12:00,27.6,29.3,30.4,44.1,49.4,24.5,25.6,29.8,39.7,55.3,25.7,26.6,26.6,49.8,81.0,26.0,23.0,27.0,27.0,29.0
2019-02-01 01:19:12,27.6,29.3,30.4,44.1,49.4,24.5,25.5,29.8,39.7,55.3,25.7,26.6,26.6,49.8,81.0,26.0,23.0,27.0,27.0,29.0
2019-02-01 01:26:24,27.6,29.3,30.4,44.1,49.4,24.5,25.5,29.8,39.7,55.3,25.7,26.6,26.6,49.8,81.0,26.0,23.0,27.0,27.0,29.0
2019-02-01 01:33:36,27.6,29.3,30.4,44.1,49.5,24.5,25.5,29.8,39.7,55.3,25.7,26.6,26.6,49.8,81.0,26.0,23.0,27.0,27.0,29.0
2019-02-01 01:40:48,27.6,29.3,30.4,44.1,49.5,24.5,25.5,29.8,39.7,55.3,25.7,26.6,26.6,49.8,81.0,26.0,23.0,27.0,27.0,29.0
2019-02-01 01:48:00,27.6,29.3,30.4,44.1,49.5,24.5,25.5,29.8,39.7,55.3,25.7,26.6,26.6,49.8,81.0,26.0,23.0,27.0,27.0,29.0
2019-02-01 01:55:12,27.6,29.3,30.4,44.1,49.5,24.5,25.5,29.8,39.7,55.3,25.7,26.6,26.6,49.8,81.0,26.0,23.0,27.0,27.0,29.0
2019-02-01 02:02:24,27.6,29.3,30.4,44.1,49.5,24.5,25.5,29.8,39.7,55.3,25.7,26.6,26.6,49.8,81.0,26.0,23.0,27.0,27.0,29.0
2019-02-01 02:09:36,27.6,29.3,30.4,44.1,49.5,24.5,25.5,29.8,39.7,55.3,25.7,26.6,26.6,49.8,81.0,26.0,23.0,27.0,27.0,29.0
2019-02-01 02:16:48,27.6,29.3,30.4,44.1,49.5,24.4,25.4,29.8,39.7,55.3,25.7,26.5,26.6,49.9,81.1,26.0,23.0,27.0,27.0,29.0
2019-02-01 02:24:00,27.6,29.3,30.4,44.1,49.5,24.4,25.4,29.8,39.7,55.3,25.7,26.5,26.6,49.9,81.1,26.0,23.0,27.0,27.0,29.0
2019-02-01 02:31:12,27.7,29.3,30.4,44.1,49.5,24.4,25.4,29.8,39.7,55.4,25.7,26.5,26.6,49.9,81.1,26.0,23.0,27.0,27.0,29.0
2019-02-01 02:38:24,27.7,29.3,30.4,44.1,49.5,24.4,25.4,29.8,39.7,55.4,25.7,26.5,26.6,49.9,81.1,26.0,23.0,27.0,27.0,29.0
2019-02-01 02:45:36,27.7,29.3,30.4,44.1,49.5,24.4,25.4,29.8,39.7,55.4,25.7,26.5,26.6,49.9,81.1,26.0,23.0,27.0,27.0,29.0
2019-02-01 02:52:48,27.7,29.3,30.4,44.1,49.5,24.4,25.4,29.8,39.7,55.4,25.7,26.5,26.6,49.9,81.1,26.0,23.0,27.0,27.0,29.0
2019-02-01 03:00:00,27.7,29.3,30.4,44.1,49.5,24.4,25.4,29.8,39.7,55.4,25.7,26.5,26.6,49.9,81.1,26.0,23.0,27.0,27.0,29.0
2019-02-01 03:07:12,27.6,29.3,30.4,44.1,49.6,24.4,25.4,29.7,39.7,55.4,25.7,26.5,26.6,49.9,81.1,26.0,23.0,27.0,27.0,29.0
2019-02-01 03:14:24,27.6,29.3,30.4,44.1,49.6,24.4,25.4,29.7,39.7,55.4,25.7,26.5,26.6,49.9,81.1,26.0,23.0,27.0,27.0,29.0
2019-02-01 03:21:36,27.6,29.3,30.4,44.1,49.6,24.3,25.3,29.7,39.7,55.4,25.6,26.5,26.6,49.9,81.1,26.0,23.0,27.0,27.0,29.0
2019-02-01 03:28:48,27.6,29.3,30.4,44.1,49.6,24.3,25.3,29.7,39.7,55.4,25.6,26.5,26.6,49.9,81.1,26.0,23.0,27.0,27.0,29.0
2019-02-01 03:36:00,27.6,29.3,30.4,44.1,49.6,24.3,25.3,29.7,39.7,55.4,25.6,26.5,26.6,49.9,81.1,26.0,23.0,27.0,27.0,29.0
2019-02-01 03:43:12,27.6,29.3,30.4,44.1,49.6,24.3,25.3,29.7,39.7,55.4,25.6,26.5,26.6,49.9,81.1,26.0,23.0,27.0,27.0,29.0
2019-02-01 03:50:24,27.6,29.3,30.4,44.2,49.6,24.3,25.2,29.7,39.7,55.4,25.6,26.4,26.6,49.9,81.1,26.0,23.0,27.0,27.0,29.0
2019-02-01 03:57:36,27.6,29.3,30.4,44.2,49.6,24.3,25.2,29.7,39.7,55.4,25.6,26.4,26.6,49.9,81.1,26.0,23.0,27.0,27.0,29.0
2019-02-01 04:04:48,27.6,29.3,30.4,44.2,49.6,24.2,25.2,29.7,39.7,55.4,25.6,26.4,26.7,49.9,81.1,26.0,23.0,27.0,27.0,29.0
2019-02-01 04:12:00,27.6,29.3,30.4,44.2,49.6,24.2,25.2,29.7,39.7,55.4,25.6,26.4,26.7,49.9,81.1,26.0,23.0,27.0,27.0,29.0
2019-02-01 04:19:12,27.6,29.3,30.4,44.2,49.6,24.2,25.2,29.7,39.7,55.4,25.6,26.4,26.7,49.9,81.1,26.0,23.0,27.0,27.0,29.0
2019-02-01 04:26:24,27.6,29.3,30.4,44.2,49.6,24.2,25.2,29.7,39.7,55.4,25.6,26.4,26.7,49.9,81.1,26.0,23.0,27.0,27.0,29.0
2019-02-01 04:33:36,27.6,29.3,30.4,44.2,49.6,24.2,25.1,29.7,39.7,55.4,25.6,26.4,26.7,49.9,81.1,26.0,23.0,27.0,27.0,29.0
2019-02-01 04:40:48,27.6,29.3,30.4,44.2,49.6,24.2,25.1,29.7,39.7,55.4,25.6,26.4,26.7,49.9,81.1,26.0,23.0,27.0,27.0,29.0
2019-02-01 04:48:00,27.6,29.3,30.4,44.2,49.7,24.1,25.1,29.7,39.7,55.4,25.5,26.4,26.7,49.9,81.1,26.0,23.0,27.0,27.0,29.0
2019-02-01 04:55:12,27.6,29.3,30.4,44.2,49.7,24.1,25.1,29.7,39.7,55.4,25.5,26.4,26.7,49.9,81.1,26.0,23.0,27.0,27.0,29.0
2019-02-01 05:02:24,27.6,29.3,30.4,44.2,49.7,24.1,25.1,29.7,39.7,55.4,25.5,26.3,26.7,49.9,81.2,26.0,23.0,27.0,27.0,29.0
2019-02-01 05:09:36,27.6,29.3,30.4,44.2,49.7,24.1,25.1,29.7,39.7,55.4,25.5,26.3,26.7,49.9,81.2,26.0,23.0,27.0,27.0,29.0
2019-02-01 05:16:48,27.6,29.3,30.4,44.2,49.7,24.1,25.0,29.7,39.7,55.4,25.5,26.3,26.7,49.9,81.2,26.0,23.0,27.0,27.0,29.0
2019-02-01 05:24:00,27.6,29.3,30.4,44.2,49.7,24.1,25.0,29.7,39.7,55.4,25.5,26.3,26.7,49.9,81.2,26.0,23.0,27.0,27.0,29.0
2019-02-01 05:31:12,27.6,29.3,30.4,44.2,49.7,24.1,25.0,29.7,39.7,55.4,25.5,26.3,26.7,49.9,81.2,26.0,23.0,27.0,27.0,29.0
2019-02-01 05:38:24,27.6,29.3,30.4,44.2,49.7,24.1,25.0,29.7,39.7,55.4,25.5,26.3,26.7,49.9,81.2,26.0,23.0,27.0,27.0,29.0
2019-02-01 05:45:36,27.6,29.3,30.4,44.2,49.7,24.0,25.0,29.7,39.7,55.4,25.5,26.3,26.7,49.9,81.2,26.0,23.0,27.0,27.0,29.0
2019-02-01 05:52:48,27.6,29.3,30.4,44.2,49.7,24.0,25.0,29.7,39.7,55.4,25.5,26.3,26.7,49.9,81.2,26.0,23.0,27.0,27.0,29.0
2019-02-01 06:00:00,27.6,29.3,30.4,44.2,49.7,24.0,25.0,29.7,39.7,55.4,25.5,26.3,26.7,49.9,81.2,26.0,23.0,27.0,27.0,29.0
2019-02-01 06:07:12,27.6,29.3,30.4,44.2,49.7,24.0,25.0,29.7,39.6,55.4,25.5,26.3,26.7,49.9,81.2,26.0,23.0,27.0,27.0,29.0
2019-02-01 06:14:24,27.6,29.3,30.4,44.2,49.7,24.0,25.0,29.7,39.6,55.4,25.5,26.3,26.7,49.9,81.2,26.0,23.0,27.0,27.0,29.0
2019-02-01 06:21:36,27.7,29.3,30.4,44.2,49.7,24.0,25.0,29.7,39.7,55.4,25.5,26.3,26.7,49.9,81.2,26.0,23.0,27.0,27.0,29.0
2019-02-01 06:28:48,27.7,29.3,30.4,44.2,49.7,24.0,25.0,29.7,39.7,55.4,25.5,26.3,26.7,49.9,81.2,26.0,23.0,27.0,27.0,29.0
2019-02-01 06:36:00,27.7,29.3,30.4,44.2,49.7,24.0,24.9,29.6,39.6,55.4,25.5,26.3,26.7,49.9,81.2,26.0,23.0,27.0,27.0,29.0
2019-02-01 06:43:12,27.7,29.3,30.4,44.2,49.7,24.0,24.9,29.6,39.6,55.4,25.5,26.3,26.7,49.9,81.2,26.0,23.0,27.0,27.0,29.0
2019-02-01 06:50:24,27.6,29.3,30.4,44.2,49.8,24.0,24.9,29.6,39.6,55.4,25.5,26.3,26.7,49.9,81.2,26.0,23.0,27.0,27.0,29.0
2019-02-01 06:57:36,27.6,29.3,30.4,44.2,49.8,24.0,24.9,29.6,39.6,55.4,25.5,26.3,26.7,49.9,81.2,26.0,23.0,27.0,27.0,29.0
2019-02-01 07:04:48,27.6,29.3,30.4,44.2,49.8,23.9,24.9,29.6,39.6,55.4,25.5,26.3,26.7,49.9,81.3,26.0,23.0,27.0,27.0,29.0
2019-02-01 07:12:00,27.6,29.3,30.4,44.2,49.8,23.9,24.9,29.6,39.6,55.4,25.5,26.3,26.7,49.9,81.3,26.0,23.0,27.0,27.0,29.0
2019-02-01 07:19:12,27.7,29.3,30.4,44.2,49.8,23.9,24.8,29.6,39.6,55.4,25.5,26.3,26.7,50.0,81.3,26.0,23.0,27.0,27.0,29.0
2019-02-01 07:26:24,27.7,29.3,30.4,44.2,49.8,23.9,24.8,29.6,39.6,55.4,25.5,26.3,26.7,50.0,81.3,26.0,23.0,27.0,27.0,29.0
2019-02-01 07:33:36,27.7,29.3,30.4,44.2,49.8,23.9,24.8,29.6,39.6,55.4,25.5,26.3,26.7,50.0,81.3,26.0,23.0,27.0,27.0,29.0
2019-02-01 07:40:48,27.7,29.3,30.4,44.2,49.8,23.9,24.8,29.6,39.6,55.4,25.5,26.3,26.7,50.0,81.3,26.0,23.0,27.0,27.0,29.0
2019-02-01 07:48:00,27.7,29.3,30.4,44.2,49.8,23.9,24.8,29.6,39.6,55.4,25.5,26.3,26.7,50.0,81.3,26.0,23.0,27.0,27.0,29.0
2019-02-01 07:55:12,27.7,29.3,30.4,44.2,49.8,23.9,24.8,29.6,39.6,55.4,25.5,26.3,26.7,50.0,81.3,26.0,23.0,27.0,27.0,29.0
2019-02-01 08:02:24,27.7,29.3,30.4,44.2,49.8,23.9,24.8,29.6,39.6,55.4,25.5,26.3,26.7,50.0,81.3,26.0,23.0,27.0,27.0,29.0
2019-02-01 08:09:36,27.7,29.3,30.4,44.2,49.8,23.9,24.8,29.6,39.6,55.4,25.5,26.3,26.7,50.0,81.3,26.0,23.0,27.0,27.0,29.0
2019-02-01 08:16:48,27.7,29.3,30.4,44.2,49.8,23.9,24.8,29.6,39.6,55.4,25.5,26.3,26.7,50.0,81.4,26.0,23.0,27.0,27.0,29.0
2019-02-01 08:24:00,27.7,29.3,30.4,44.2,49.8,23.9,24.8,29.6,39.6,55.4,25.5,26.3,26.7,50.0,81.4,26.0,23.0,27.0,27.0,29.0
2019-02-01 08:31:12,27.7,29.3,30.4,44.3,49.8,23.9,24.8,29.6,39.6,55.4,25.4,26.2,26.7,50.0,81.4,26.0,23.0,27.0,27.0,29.0
2019-02-01 08:38:24,27.7,29.3,30.4,44.3,49.8,23.9,24.8,29.6,39.6,55.4,25.4,26.2,26.7,50.0,81.4,26.0,23.0,27.0,27.0,29.0
2019-02-01 08:45:36,27.7,29.3,30.4,44.3,49.9,23.8,24.7,29.6,39.6,55.4,25.4,26.3,26.7,50.0,81.4,26.0,23.0,27.0,27.0,29.0
2019-02-01 08:52:48,27.7,29.3,30.4,44.3,49.9,23.8,24.7,29.6,39.6,55.4,25.4,26.3,26.7,50.0,81.4,26.0,23.0,27.0,27.0,29.0
2019-02-01 09:00:00,27.7,29.3,30.4,44.3,49.9,23.8,24.7,29.6,39.6,55.4,25.4,26.3,26.7,50.0,81.4,26.0,23.0,27.0,27.0,29.0
2019-02-01 09:07:12,27.7,29.4,30.4,44.3,49.9,23.8,24.7,29.6,39.6,55.4,25.4,26.2,26.7,50.0,81.4,26.0,23.041667,27.0,26.958333,29.0
2019-02-01 09:14:24,27.7,29.4,30.4,44.3,49.9,23.8,24.7,29.6,39.6,55.4,25.4,26.2,26.7,50.0,81.4,26.0,23.041667,27.0,26.958333,29.0
2019-02-01 09:21:36,27.7,29.4,30.4,44.3,49.9,23.8,24.6,29.6,39.6,55.4,25.4,26.2,26.7,50.1,81.4,26.0,23.625,27.0,26.791667,29.0
2019-02-01 09:28:48,27.7,29.4,30.4,44.3,49.9,23.8,24.6,29.6,39.6,55.4,25.4,26.2,26.7,50.1,81.4,26.0,23.625,27.0,26.791667,29.0
2019-02-01 09:36:00,27.7,29.3,30.4,44.3,49.9,23.7,24.6,29.6,39.5,55.4,25.4,26.2,26.7,50.1,81.4,26.0,23.0,26.961538,26.307692,28.961538
2019-02-01 09:43:12,27.7,29.3,30.4,44.3,49.9,23.7,24.6,29.6,39.5,55.4,25.4,26.2,26.7,50.1,81.4,26.0,23.0,26.961538,26.307692,28.961538
2019-02-01 09:50:24,27.7,29.3,30.4,44.3,49.9,23.7,24.5,29.6,39.5,55.4,25.4,26.2,26.7,50.1,81.4,26.0,23.0,27.0,26.0,29.0
2019-02-01 09:57:36,27.7,29.3,30.4,44.3,49.9,23.7,24.5,29.6,39.5,55.4,25.4,26.2,26.7,50.1,81.4,26.0,23.0,27.0,26.0,29.0
2019-02-01 10:04:48,27.7,29.4,30.4,44.3,49.9,23.6,24.4,29.5,39.5,55.4,25.4,26.2,26.7,50.1,81.4,25.923077,23.0,26.884615,26.0,29.0
2019-02-01 10:12:00,27.7,29.4,30.4,44.3,49.9,23.6,24.4,29.5,39.5,55.4,25.4,26.2,26.7,50.1,81.4,25.923077,23.0,26.884615,26.0,29.0
2019-02-01 10:19:12,27.7,29.4,30.4,44.3,49.9,23.6,24.4,29.5,39.5,55.4,25.4,26.2,26.7,50.1,81.4,25.8,23.0,26.88,26.0,29.0
2019-02-01 10:26:24,27.7,29.4,30.4,44.3,49.9,23.6,24.4,29.5,39.5,55.4,25.4,26.2,26.7,50.1,81.4,25.8,23.0,26.88,26.0,29.0
2019-02-01 10:33:36,27.7,29.4,30.4,44.3,49.9,23.5,24.3,29.5,39.5,55.4,25.4,26.2,26.7,50.2,81.5,25.125,23.0,26.25,26.0,28.916667
2019-02-01 10:40:48,27.7,29.4,30.4,44.3,49.9,23.5,24.3,29.5,39.5,55.4,25.4,26.2,26.7,50.2,81.5,25.125,23.0,26.25,26.0,28.916667
2019-02-01 10:48:00,27.7,29.4,30.4,44.3,50.0,23.4,24.2,29.5,39.5,55.4,25.4,26.2,26.7,50.2,81.4,25.269231,23.0,26.192308,26.0,29.0
2019-02-01 10:55:12,27.7,29.4,30.4,44.3,50.0,23.4,24.2,29.5,39.5,55.4,25.4,26.2,26.7,50.2,81.4,25.269231,23.0,26.192308,26.0,29.0
2019-02-01 11:02:24,27.7,29.4,30.4,44.3,50.0,23.4,24.2,29.5,39.5,55.4,25.4,26.2,26.7,50.2,81.4,25.68,23.0,26.16,26.0,29.0
2019-02-01 11:09:36,27.7,29.4,30.4,44.3,50.0,23.4,24.2,29.5,39.5,55.4,25.4,26.2,26.7,50.2,81.4,25.68,23.0,26.16,26.0,29.0
2019-02-01 11:16:48,27.7,29.4,30.4,44.3,50.0,23.3,24.1,29.5,39.5,55.4,25.4,26.2,26.7,50.2,81.4,25.88,23.0,26.28,26.0,29.0
2019-02-01 11:24:00,27.7,29.4,30.4,44.3,50.0,23.3,24.1,29.5,39.5,55.4,25.4,26.2,26.7,50.2,81.4,25.88,23.0,26.28,26.0,29.0
2019-02-01 11:31:12,27.7,29.4,30.4,44.3,50.0,23.3,24.0,29.5,39.5,55.4,25.4,26.1,26.7,50.2,81.4,25.708333,23.0,26.125,26.0,29.0
2019-02-01 11:38:24,27.7,29.4,30.4,44.3,50.0,23.3,24.0,29.5,39.5,55.4,25.4,26.1,26.7,50.2,81.4,25.708333,23.0,26.125,26.0,29.0
2019-02-01 11:45:36,27.7,29.4,30.4,44.3,50.0,23.2,24.0,29.4,39.4,55.4,25.3,26.1,26.7,50.3,81.4,25.681818,23.0,26.181818,26.0,29.0
2019-02-01 11:52:48,27.7,29.4,30.4,44.3,50.0,23.2,24.0,29.4,39.4,55.4,25.3,26.1,26.7,50.3,81.4,25.681818,23.0,26.181818,26.0,29.0
2019-02-01 12:00:00,27.7,29.4,30.4,44.3,50.0,23.2,24.0,29.4,39.4,55.4,25.3,26.1,26.7,50.3,81.4,25.681818,23.0,26.181818,26.0,29.0
2019-02-01 12:07:12,27.7,29.4,30.4,44.3,50.0,23.1,23.9,29.4,39.4,55.4,25.3,26.1,26.7,50.3,81.4,25.55,23.0,26.05,26.0,29.0
2019-02-01 12:14:24,27.7,29.4,30.4,44.3,50.0,23.1,23.9,29.4,39.4,55.4,25.3,26.1,26.7,50.3,81.4,25.55,23.0,26.05,26.0,29.0
2019-02-01 12:21:36,27.7,29.3,30.4,44.4,50.0,23.0,23.8,29.4,39.4,55.4,25.3,26.1,26.7,50.3,81.3,25.727273,23.0,26.363636,26.0,29.0
2019-02-01 12:28:48,27.7,29.3,30.4,44.4,50.0,23.0,23.8,29.4,39.4,55.4,25.3,26.1,26.7,50.3,81.3,25.727273,23.0,26.363636,26.0,29.0
2019-02-01 12:36:00,27.7,29.3,30.4,44.4,50.0,23.0,23.8,29.4,39.4,55.3,25.3,26.1,26.7,50.3,81.3,26.0,23.0,26.0,26.0,29.0
2019-02-01 12:43:12,27.7,29.3,30.4,44.4,50.0,23.0,23.8,29.4,39.4,55.3,25.3,26.1,26.7,50.3,81.3,26.0,23.0,26.0,26.0,29.0
2019-02-01 12:50:24,27.7,29.3,30.4,44.4,50.1,23.0,23.8,29.4,39.4,55.4,25.3,26.1,26.7,50.4,81.3,25.25,23.0,26.125,26.0,29.0
2019-02-01 12:57:36,27.7,29.3,30.4,44.4,50.1,23.0,23.8,29.4,39.4,55.4,25.3,26.1,26.7,50.4,81.3,25.25,23.0,26.125,26.0,29.0
2019-02-01 13:04:48,27.7,29.3,30.4,44.4,50.1,22.9,23.8,29.4,39.4,55.3,25.3,26.1,26.8,50.4,81.3,25.357143,22.964286,26.035714,26.0,29.0
2019-02-01 13:12:00,27.7,29.3,30.4,44.4,50.1,22.9,23.8,29.4,39.4,55.3,25.3,26.1,26.8,50.4,81.3,25.357143,22.964286,26.035714,26.0,29.0
2019-02-01 13:19:12,27.7,29.3,30.4,44.4,50.1,22.9,23.7,29.3,39.4,55.3,25.3,26.1,26.8,50.4,81.2,25.678571,23.0,26.0,26.0,29.0
2019-02-01 13:26:24,27.7,29.3,30.4,44.4,50.1,22.9,23.7,29.3,39.4,55.3,25.3,26.1,26.8,50.4,81.2,25.678571,23.0,26.0,26.0,29.0
2019-02-01 13:33:36,27.6,29.3,30.4,44.4,50.1,22.9,23.7,29.3,39.4,55.3,25.3,26.1,26.8,50.4,81.2,25.586207,23.0,26.0,26.0,29.0
2019-02-01 13:40:48,27.6,29.3,30.4,44.4,50.1,22.9,23.7,29.3,39.4,55.3,25.3,26.1,26.8,50.4,81.2,25.586207,23.0,26.0,26.0,29.0
2019-02-01 13:48:00,27.6,29.3,30.4,44.4,50.1,22.9,23.7,29.3,39.4,55.3,25.2,26.0,26.8,50.4,81.1,25.758621,23.0,26.344828,26.0,29.0
2019-02-01 13:55:12,27.6,29.3,30.4,44.4,50.1,22.9,23.7,29.3,39.4,55.3,25.2,26.0,26.8,50.4,81.1,25.758621,23.0,26.344828,26.0,29.0
2019-02-01 14:02:24,27.6,29.3,30.4,44.4,50.1,22.8,23.7,29.3,39.4,55.3,25.2,26.0,26.8,50.4,81.0,25.964286,23.0,26.321429,26.0,29.0
2019-02-01 14:09:36,27.6,29.3,30.4,44.4,50.1,22.8,23.7,29.3,39.4,55.3,25.2,26.0,26.8,50.4,81.0,25.964286,23.0,26.321429,26.0,29.0
2019-02-01 14:16:48,27.6,29.3,30.4,44.4,50.1,22.8,23.6,29.3,39.3,55.3,25.2,26.0,26.8,50.4,81.0,25.464286,23.0,26.142857,26.0,29.0
2019-02-01 14:24:00,27.6,29.3,30.4,44.4,50.1,22.8,23.6,29.3,39.3,55.3,25.2,26.0,26.8,50.4,81.0,25.464286,23.0,26.142857,26.0,29.0
2019-02-01 14:31:12,27.6,29.2,30.4,44.4,50.1,22.8,23.6,29.3,39.3,55.3,25.2,25.9,26.8,50.4,80.9,25.166667,23.0,26.033333,26.0,29.0
2019-02-01 14:38:24,27.6,29.2,30.4,44.4,50.1,22.8,23.6,29.3,39.3,55.3,25.2,25.9,26.8,50.4,80.9,25.166667,23.0,26.033333,26.0,29.0
2019-02-01 14:45:36,27.6,29.3,30.4,44.4,50.1,22.7,23.6,29.3,39.3,55.3,25.2,26.0,26.8,50.4,80.9,25.0,23.0,26.0,26.0,29.0
2019-02-01 14:52:48,27.6,29.3,30.4,44.4,50.1,22.7,23.6,29.3,39.3,55.3,25.2,26.0,26.8,50.4,80.9,25.0,23.0,26.0,26.0,29.0
2019-02-01 15:00:00,27.6,29.3,30.4,44.4,50.1,22.7,23.6,29.3,39.3,55.3,25.2,26.0,26.8,50.4,80.9,25.0,23.0,26.0,26.0,29.0
2019-02-01 15:07:12,27.6,29.2,30.4,44.4,50.1,22.7,23.6,29.3,39.3,55.2,25.2,26.0,26.8,50.4,80.9,25.0,23.0,26.0,26.0,29.0
2019-02-01 15:14:24,27.6,29.2,30.4,44.4,50.1,22.7,23.6,29.3,39.3,55.2,25.2,26.0,26.8,50.4,80.9,25.0,23.0,26.0,26.0,29.0
2019-02-01 15:21:36,27.6,29.2,30.4,44.4,50.1,22.7,23.6,29.3,39.3,55.2,25.2,25.9,26.8,50.3,80.9,25.517241,23.0,26.068966,26.0,29.0
2019-02-01 15:28:48,27.6,29.2,30.4,44.4,50.1,22.7,23.6,29.3,39.3,55.2,25.2,25.9,26.8,50.3,80.9,25.517241,23.0,26.068966,26.0,29.0
2019-02-01 15:36:00,27.6,29.2,30.4,44.4,50.1,22.7,23.6,29.3,39.3,55.2,25.2,25.9,26.8,50.3,80.9,25.482759,23.0,26.0,26.0,29.0
2019-02-01 15:43:12,27.6,29.2,30.4,44.4,50.1,22.7,23.6,29.3,39.3,55.2,25.2,25.9,26.8,50.3,80.9,25.482759,23.0,26.0,26.0,29.0
2019-02-01 15:50:24,27.5,29.2,30.4,44.4,50.1,22.7,23.6,29.2,39.3,55.2,25.2,25.9,26.8,50.3,80.9,25.714286,23.0,26.035714,26.0,29.0
2019-02-01 15:57:36,27.5,29.2,30.4,44.4,50.1,22.7,23.6,29.2,39.3,55.2,25.2,25.9,26.8,50.3,80.9,25.714286,23.0,26.035714,26.0,29.0
2019-02-01 16:04:48,27.5,29.2,30.4,44.4,50.1,22.7,23.6,29.2,39.2,55.2,25.1,25.9,26.8,50.3,80.8,25.758621,23.0,26.068966,26.0,29.0
2019-02-01 16:12:00,27.5,29.2,30.4,44.4,50.1,22.7,23.6,29.2,39.2,55.2,25.1,25.9,26.8,50.3,80.8,25.758621,23.0,26.068966,26.0,29.0
2019-02-01 16:19:12,27.5,29.2,30.4,44.4,50.1,22.7,23.6,29.2,39.2,55.2,25.1,25.9,26.8,50.3,80.8,25.444444,23.0,26.0,26.0,29.0
2019-02-01 16:26:24,27.5,29.2,30.4,44.4,50.1,22.7,23.6,29.2,39.2,55.2,25.1,25.9,26.8,50.3,80.8,25.444444,23.0,26.0,26.0,29.0
2019-02-01 16:33:36,27.5,29.2,30.5,44.4,50.1,22.7,23.6,29.2,39.2,55.2,25.1,25.9,26.8,50.3,80.8,25.619048,23.0,26.0,26.0,29.0
2019-02-01 16:40:48,27.5,29.2,30.5,44.4,50.1,22.7,23.6,29.2,39.2,55.2,25.1,25.9,26.8,50.3,80.8,25.619048,23.0,26.0,26.0,29.0
2019-02-01 16:48:00,27.5,29.2,30.5,44.4,50.1,22.7,23.6,29.2,39.2,55.1,25.1,25.9,26.8,50.2,80.8,25.47619,23.0,26.0,26.0,29.0
2019-02-01 16:55:12,27.5,29.2,30.5,44.4,50.1,22.7,23.6,29.2,39.2,55.1,25.1,25.9,26.8,50.2,80.8,25.47619,23.0,26.0,26.0,29.0
2019-02-01 17:02:24,27.6,29.2,30.5,44.4,50.2,22.7,23.6,29.2,39.2,55.1,25.1,25.9,26.8,50.2,80.8,25.32,23.0,26.0,26.0,29.0
2019-02-01 17:09:36,27.6,29.2,30.5,44.4,50.2,22.7,23.6,29.2,39.2,55.1,25.1,25.9,26.8,50.2,80.8,25.32,23.0,26.0,26.0,29.0
2019-02-01 17:16:48,27.6,29.2,30.5,44.4,50.2,22.7,23.6,29.1,39.1,55.1,25.1,25.9,26.8,50.2,80.8,25.37931,23.0,26.0,26.0,29.0
2019-02-01 17:24:00,27.6,29.2,30.5,44.4,50.2,22.7,23.6,29.1,39.1,55.1,25.1,25.9,26.8,50.2,80.8,25.37931,23.0,26.0,26.0,29.0
2019-02-01 17:31:12,27.5,29.2,30.5,44.4,50.2,22.7,23.6,29.1,39.1,55.1,25.1,25.9,26.8,50.2,80.8,25.793103,23.0,26.068966,26.0,29.0
2019-02-01 17:38:24,27.5,29.2,30.5,44.4,50.2,22.7,23.6,29.1,39.1,55.1,25.1,25.9,26.8,50.2,80.8,25.793103,23.0,26.068966,26.0,29.0
2019-02-01 17:45:36,27.5,29.2,30.5,44.4,50.2,22.7,23.6,29.1,39.1,55.1,25.1,25.9,26.8,50.2,80.8,25.793103,23.0,26.034483,26.0,29.0
2019-02-01 17:52:48,27.5,29.2,30.5,44.4,50.2,22.7,23.6,29.1,39.1,55.1,25.1,25.9,26.8,50.2,80.8,25.793103,23.0,26.034483,26.0,29.0
2019-02-01 18:00:00,27.5,29.2,30.5,44.4,50.2,22.7,23.6,29.1,39.1,55.1,25.1,25.9,26.8,50.2,80.8,25.793103,23.0,26.034483,26.0,29.0
2019-02-01 18:07:12,27.5,29.1,30.5,44.4,50.2,22.7,23.7,29.1,39.1,55.1,25.1,25.8,26.8,50.2,80.8,26.0,23.0,26.25,26.0,29.0
2019-02-01 18:14:24,27.5,29.1,30.5,44.4,50.2,22.7,23.7,29.1,39.1,55.1,25.1,25.8,26.8,50.2,80.8,26.0,23.0,26.25,26.0,29.0
2019-02-01 18:21:36,27.5,29.1,30.5,44.4,50.2,22.7,23.7,29.1,39.1,55.1,25.1,25.8,26.8,50.2,80.8,25.964286,23.0,26.321429,26.0,29.0
2019-02-01 18:28:48,27.5,29.1,30.5,44.4,50.2,22.7,23.7,29.1,39.1,55.1,25.1,25.8,26.8,50.2,80.8,25.964286,23.0,26.321429,26.0,29.0
2019-02-01 18:36:00,27.5,29.1,30.5,44.4,50.2,22.7,23.7,29.1,39.1,55.0,25.1,25.8,26.8,50.2,80.8,25.862069,23.0,26.103448,26.0,29.0
2019-02-01 18:43:12,27.5,29.1,30.5,44.4,50.2,22.7,23.7,29.1,39.1,55.0,25.1,25.8,26.8,50.2,80.8,25.862069,23.0,26.103448,26.0,29.0
2019-02-01 18:50:24,27.5,29.1,30.5,44.4,50.2,22.8,23.7,29.1,39.0,55.0,25.1,25.8,26.8,50.2,80.8,25.464286,23.0,26.071429,26.0,29.0
2019-02-01 18:57:36,27.5,29.1,30.5,44.4,50.2,22.8,23.7,29.1,39.0,55.0,25.1,25.8,26.8,50.2,80.8,25.464286,23.0,26.071429,26.0,29.0
2019-02-01 19:04:48,27.5,29.2,30.5,44.4,50.2,22.8,23.7,29.1,39.0,55.0,25.1,25.9,26.8,50.2,80.8,25.576923,23.0,26.0,26.038462,29.0
2019-02-01 19:12:00,27.5,29.2,30.5,44.4,50.2,22.8,23.7,29.1,39.0,55.0,25.1,25.9,26.8,50.2,80.8,25.576923,23.0,26.0,26.038462,29.0
2019-02-01 19:19:12,27.6,29.2,30.5,44.4,50.2,22.8,23.7,29.1,39.0,55.0,25.1,25.9,26.8,50.2,80.8,25.689655,23.0,26.0,26.0,29.0
2019-02-01 19:26:24,27.6,29.2,30.5,44.4,50.2,22.8,23.7,29.1,39.0,55.0,25.1,25.9,26.8,50.2,80.8,25.689655,23.0,26.0,26.0,29.0
2019-02-01 19:33:36,27.5,29.2,30.5,44.4,50.2,22.8,23.7,29.1,39.0,55.0,25.2,25.9,26.8,50.2,80.8,25.758621,23.0,26.068966,26.0,29.0
2019-02-01 19:40:48,27.5,29.2,30.5,44.4,50.2,22.8,23.7,29.1,39.0,55.0,25.2,25.9,26.8,50.2,80.8,25.758621,23.0,26.068966,26.0,29.0
2019-02-01 19:48:00,27.5,29.1,30.5,44.4,50.2,22.8,23.8,29.1,39.0,55.0,25.1,25.9,26.8,50.2,80.8,25.962963,23.0,26.0,26.0,29.0
2019-02-01 19:55:12,27.5,29.1,30.5,44.4,50.2,22.8,23.8,29.1,39.0,55.0,25.1,25.9,26.8,50.2,80.8,25.962963,23.0,26.0,26.0,29.0
2019-02-01 20:02:24,27.5,29.1,30.5,44.4,50.2,22.8,23.7,29.0,39.0,55.0,25.1,25.9,26.8,50.2,80.8,26.0,23.0,26.034483,26.0,29.0
2019-02-01 20:09:36,27.5,29.1,30.5,44.4,50.2,22.8,23.7,29.0,39.0,55.0,25.1,25.9,26.8,50.2,80.8,26.0,23.0,26.034483,26.0,29.0
2019-02-01 20:16:48,27.5,29.1,30.5,44.4,50.2,22.8,23.7,29.1,39.0,55.0,25.1,25.9,26.8,50.2,80.8,25.928571,23.0,26.178571,26.0,29.0
2019-02-01 20:24:00,27.5,29.1,30.5,44.4,50.2,22.8,23.7,29.1,39.0,55.0,25.1,25.9,26.8,50.2,80.8,25.928571,23.0,26.178571,26.0,29.0
2019-02-01 20:31:12,27.5,29.1,30.5,44.4,50.2,22.8,23.7,29.0,38.9,54.9,25.1,25.9,26.8,50.2,80.8,25.888889,23.0,26.074074,26.0,29.0
2019-02-01 20:38:24,27.5,29.1,30.5,44.4,50.2,22.8,23.7,29.0,38.9,54.9,25.1,25.9,26.8,50.2,80.8,25.888889,23.0,26.074074,26.0,29.0
2019-02-01 20:45:36,27.5,29.1,30.5,44.4,50.2,22.8,23.7,29.0,38.9,54.9,25.1,25.9,26.8,50.2,80.8,25.73913,22.956522,26.043478,26.0,29.0
2019-02-01 20:52:48,27.5,29.1,30.5,44.4,50.2,22.8,23.7,29.0,38.9,54.9,25.1,25.9,26.8,50.2,80.8,25.73913,22.956522,26.043478,26.0,29.0
2019-02-01 21:00:00,27.5,29.1,30.5,44.4,50.2,22.8,23.7,29.0,38.9,54.9,25.1,25.9,26.8,50.2,80.8,25.73913,22.956522,26.043478,26.0,29.0
2019-02-01 21:07:12,27.5,29.1,30.5,44.4,50.2,22.8,23.8,29.0,38.9,54.9,25.1,25.9,26.8,50.2,80.8,25.571429,23.0,26.0,26.0,29.0
2019-02-01 21:14:24,27.5,29.1,30.5,44.4,50.2,22.8,23.8,29.0,38.9,54.9,25.1,25.9,26.8,50.2,80.8,25.571429,23.0,26.0,26.0,29.0
2019-02-01 21:21:36,27.5,29.1,30.5,44.4,50.2,22.8,23.8,29.0,38.9,54.9,25.1,25.9,26.8,50.2,80.8,25.619048,23.0,26.047619,26.0,29.0
2019-02-01 21:28:48,27.5,29.1,30.5,44.4,50.2,22.8,23.8,29.0,38.9,54.9,25.1,25.9,26.8,50.2,80.8,25.619048,23.0,26.047619,26.0,29.0
2019-02-01 21:36:00,27.5,29.1,30.5,44.4,50.2,22.8,23.8,29.0,38.9,54.9,25.1,25.9,26.8,50.2,80.9,25.888889,23.0,26.074074,26.0,29.0
2019-02-01 21:43:12,27.5,29.1,30.5,44.4,50.2,22.8,23.8,29.0,38.9,54.9,25.1,25.9,26.8,50.2,80.9,25.888889,23.0,26.074074,26.0,29.0
2019-02-01 21:50:24,27.5,29.1,30.5,44.4,50.2,22.8,23.8,29.0,38.9,54.9,25.1,25.9,26.8,50.2,80.9,25.785714,23.0,26.071429,26.0,29.0
2019-02-01 21:57:36,27.5,29.1,30.5,44.4,50.2,22.8,23.8,29.0,38.9,54.9,25.1,25.9,26.8,50.2,80.9,25.785714,23.0,26.071429,26.0,29.0
2019-02-01 22:04:48,27.5,29.1,30.5,44.4,50.2,22.8,23.8,29.0,38.9,54.9,25.2,25.9,26.8,50.2,80.9,25.821429,23.0,26.0,26.0,29.0
2019-02-01 22:12:00,27.5,29.1,30.5,44.4,50.2,22.8,23.8,29.0,38.9,54.9,25.2,25.9,26.8,50.2,80.9,25.821429,23.0,26.0,26.0,29.0
2019-02-01 22:19:12,27.5,29.1,30.5,44.4,50.2,22.8,23.8,29.0,38.9,54.9,25.2,25.9,26.8,50.2,80.9,25.928571,23.0,26.071429,26.0,29.0
2019-02-01 22:26:24,27.5,29.1,30.5,44.4,50.2,22.8,23.8,29.0,38.9,54.9,25.2,25.9,26.8,50.2,80.9,25.928571,23.0,26.071429,26.0,29.0
2019-02-01 22:33:36,27.5,29.1,30.5,44.4,50.2,22.8,23.8,29.0,38.9,54.9,25.2,25.9,26.8,50.2,80.9,25.75,23.0,26.0,26.0,29.0
2019-02-01 22:40:48,27.5,29.1,30.5,44.4,50.2,22.8,23.8,29.0,38.9,54.9,25.2,25.9,26.8,50.2,80.9,25.75,23.0,26.0,26.0,29.0
2019-02-01 22:48:00,27.5,29.1,30.5,44.4,50.2,22.9,23.8,29.0,38.9,54.9,25.2,25.9,26.8,50.2,80.9,25.6,23.0,26.0,26.0,29.0
2019-02-01 22:55:12,27.5,29.1,30.5,44.4,50.2,22.9,23.8,29.0,38.9,54.9,25.2,25.9,26.8,50.2,80.9,25.6,23.0,26.0,26.0,29.0
2019-02-01 23:02:24,27.5,29.1,30.5,44.4,50.2,22.9,23.8,29.0,38.9,54.8,25.2,26.0,26.8,50.2,80.9,25.533333,23.0,26.0,26.0,29.0
2019-02-01 23:09:36,27.5,29.1,30.5,44.4,50.2,22.9,23.8,29.0,38.9,54.8,25.2,26.0,26.8,50.2,80.9,25.533333,23.0,26.0,26.0,29.0
2019-02-01 23:16:48,27.5,29.1,30.5,44.4,50.2,22.9,23.8,29.0,38.8,54.8,25.2,25.9,26.8,50.2,80.9,25.866667,23.0,26.033333,26.0,29.0
2019-02-01 23:24:00,27.5,29.1,30.5,44.4,50.2,22.9,23.8,29.0,38.8,54.8,25.2,25.9,26.8,50.2,80.9,25.866667,23.0,26.033333,26.0,29.0
2019-02-01 23:31:12,27.5,29.1,30.5,44.4,50.2,22.9,23.8,29.0,38.8,54.8,25.2,25.9,26.8,50.1,80.9,25.933333,23.0,26.033333,26.0,29.0
2019-02-01 23:38:24,27.5,29.1,30.5,44.4,50.2,22.9,23.8,29.0,38.8,54.8,25.2,25.9,26.8,50.1,80.9,25.933333,23.0,26.033333,26.0,29.0
2019-02-01 23:45:36,27.5,29.1,30.5,44.4,50.2,22.9,23.8,29.0,38.8,54.8,25.2,25.9,26.8,50.1,80.9,25.896552,23.0,26.0,26.0,29.0
2019-02-01 23:52:48,27.5,29.1,30.5,44.4,50.2,22.9,23.8,29.0,38.8,54.8,25.2,25.9,26.8,50.1,80.9,25.896552,23.0,26.0,26.0,29.0
2019-02-02 00:00:00,27.5,29.1,30.5,44.4,50.2,22.9,23.8,29.0,38.8,54.8,25.2,25.9,26.8,50.1,80.9,25.896552,23.0,26.0,26.0,29.0
2019-02-02 00:07:12,,,,,,,,,,,,,,,,,,,,
